<?xml version="1.0" encoding="utf-8"?>
<extension version="3.4" client="site" type="language" method="upgrade">
	<name>Khmer (Cambodia)</name>
	<tag>km-KH</tag>
	<version>3.4.5.1</version>
	<creationDate>2015-10-23</creationDate>
	<author>Khmer Translation Team</author>
	<authorEmail>info@km-kh.org</authorEmail>
	<authorUrl>www.km-kh.org</authorUrl>
	<copyright>Copyright (C) 2005 - 2015 Open Source Matters &amp; km-KH.org. All rights reserved.</copyright>
	<license>GNU General Public License version 2 or later; see LICENSE.txt</license>
	<description><![CDATA[
    <div align="center">
      <table border="0" width="100%">
  	    <tr>
  		    <td width="100%" colspan="2">
  		      <div class="alert alert-success center" align="center">
  		        <h3 class="alert-heading">កញ្ចប់​ភាសា​ជុំឡា 3.4 ដោយ​ក្រុម​បកប្រែ​ភាសា​ខ្មែរ<br />ក្រោម​ការ​គ្រប់គ្រង km-KH.org</h3>
  		      </div>
  		      <hr />
  		    </td>
  	    </tr>
  	    <tr>
  		    <td width="40%"><u><strong>អធិប្បាយ ៖</strong></u></td>
  		    <td width="60%">កញ្ចប់​ភាសា​ខ្មែរ​សម្រាប់​ស្ថាន​បណ្ដាញ (ឆាក​ខាងមុខ)</td>
  	    </tr>
  	    <tr>
  		    <td width="40%"><u><strong>កំណែ​ជុំឡា ៖</strong></u></td>
  		    <td width="60%">3.4</td>
  	    </tr>
  	    <tr>
  		    <td width="40%"><u><strong>កំណែ​ឯកសារ​ភាសា ៖</strong></u></td>
  		    <td width="60%">3.4.5v1</td>
  	    </tr>
  	    <td width="100%" colspan="2"><hr /></td>
  	    <tr>
  		    <td width="40%"><u><strong>ភាសា​ខ្មែរ​មូលដ្ឋានីយកម្ម ៖</strong></u></td>
  		    <td width="60%"><a href="http://www.km-kh.org" target="_blank">http://www.km-kh.org</a></td>
  		 </tr>
  		 <tr>   
   		    <td width="40%"><u><strong>ជុំឡា​ភាសា​ខ្មែរ :</strong></u></td>
  		    <td width="60%"><a href="http://joomla.km-kh.org" target="_blank">http://joomla.km-kh.org</a></td>
  	    </tr>
  	    <tr>
  		    <td width="100%" colspan="2">
  		      <strong><font color="#FF9900">អ្នក​អាច​តាមដាន​ព័ត៌មាន កំណែ​ថ្មី គន្លឹះ​ផ្សេងៗ​ពី​គេហទំព័រ​ខាង​លើ</font></strong>
          </td>
  	    </tr>
      </table>
    </div>]]>
    </description>
	<files>
		<filename>index.html</filename>
		<filename>km-KH.com_ajax.ini</filename>
		<filename>km-KH.com_config.ini</filename>
		<filename>km-KH.com_contact.ini</filename>
		<filename>km-KH.com_content.ini</filename>
		<filename>km-KH.com_finder.ini</filename>
		<filename>km-KH.com_mailto.ini</filename>
		<filename>km-KH.com_media.ini</filename>
		<filename>km-KH.com_messages.ini</filename>
		<filename>km-KH.com_newsfeeds.ini</filename>
		<filename>km-KH.com_search.ini</filename>
		<filename>km-KH.com_tags.ini</filename>
		<filename>km-KH.com_users.ini</filename>
		<filename>km-KH.com_weblinks.ini</filename>
		<filename>km-KH.com_wrapper.ini</filename>
		<filename>km-KH.files_joomla.sys.ini</filename>
		<filename>km-KH.finder_cli.ini</filename>
		<filename>km-KH.ini</filename>
		<filename>km-KH.lib_fof.ini</filename>
		<filename>km-KH.lib_fof.sys.ini</filename>
		<filename>km-KH.lib_idna_convert.sys.ini</filename>
		<filename>km-KH.lib_joomla.ini</filename>
		<filename>km-KH.lib_joomla.sys.ini</filename>
		<filename>km-KH.lib_phpass.sys.ini</filename>
		<filename>km-KH.lib_phputf8.sys.ini</filename>
		<filename>km-KH.lib_simplepie.sys.ini</filename>
		<filename>km-KH.localise.php</filename>
		<filename>km-KH.mod_articles_archive.ini</filename>
		<filename>km-KH.mod_articles_archive.sys.ini</filename>
		<filename>km-KH.mod_articles_categories.ini</filename>
		<filename>km-KH.mod_articles_categories.sys.ini</filename>
		<filename>km-KH.mod_articles_category.ini</filename>
		<filename>km-KH.mod_articles_category.sys.ini</filename>
		<filename>km-KH.mod_articles_latest.ini</filename>
		<filename>km-KH.mod_articles_latest.sys.ini</filename>
		<filename>km-KH.mod_articles_news.ini</filename>
		<filename>km-KH.mod_articles_news.sys.ini</filename>
		<filename>km-KH.mod_articles_popular.ini</filename>
		<filename>km-KH.mod_articles_popular.sys.ini</filename>
		<filename>km-KH.mod_banners.ini</filename>
		<filename>km-KH.mod_banners.sys.ini</filename>
		<filename>km-KH.mod_breadcrumbs.ini</filename>
		<filename>km-KH.mod_breadcrumbs.sys.ini</filename>
		<filename>km-KH.mod_custom.ini</filename>
		<filename>km-KH.mod_custom.sys.ini</filename>
		<filename>km-KH.mod_feed.ini</filename>
		<filename>km-KH.mod_feed.sys.ini</filename>
		<filename>km-KH.mod_finder.ini</filename>
		<filename>km-KH.mod_finder.sys.ini</filename>
		<filename>km-KH.mod_footer.ini</filename>
		<filename>km-KH.mod_footer.sys.ini</filename>
		<filename>km-KH.mod_languages.ini</filename>
		<filename>km-KH.mod_languages.sys.ini</filename>
		<filename>km-KH.mod_login.ini</filename>
		<filename>km-KH.mod_login.sys.ini</filename>
		<filename>km-KH.mod_menu.ini</filename>
		<filename>km-KH.mod_menu.sys.ini</filename>
		<filename>km-KH.mod_random_image.ini</filename>
		<filename>km-KH.mod_random_image.sys.ini</filename>
		<filename>km-KH.mod_related_items.ini</filename>
		<filename>km-KH.mod_related_items.sys.ini</filename>
		<filename>km-KH.mod_search.ini</filename>
		<filename>km-KH.mod_search.sys.ini</filename>
		<filename>km-KH.mod_stats.ini</filename>
		<filename>km-KH.mod_stats.sys.ini</filename>
		<filename>km-KH.mod_syndicate.ini</filename>
		<filename>km-KH.mod_syndicate.sys.ini</filename>
		<filename>km-KH.mod_tags_popular.ini</filename>
		<filename>km-KH.mod_tags_popular.sys.ini</filename>
		<filename>km-KH.mod_tags_similar.ini</filename>
		<filename>km-KH.mod_tags_similar.sys.ini</filename>
		<filename>km-KH.mod_users_latest.ini</filename>
		<filename>km-KH.mod_users_latest.sys.ini</filename>
		<filename>km-KH.mod_weblinks.ini</filename>
		<filename>km-KH.mod_weblinks.sys.ini</filename>
		<filename>km-KH.mod_whosonline.ini</filename>
		<filename>km-KH.mod_whosonline.sys.ini</filename>
		<filename>km-KH.mod_wrapper.ini</filename>
		<filename>km-KH.mod_wrapper.sys.ini</filename>
		<filename>km-KH.tpl_beez3.ini</filename>
		<filename>km-KH.tpl_beez3.sys.ini</filename>
		<filename>km-KH.tpl_protostar.ini</filename>
		<filename>km-KH.tpl_protostar.sys.ini</filename>
		<filename file="meta">install.xml</filename>
		<filename file="meta">km-KH.xml</filename>
	</files>
	<params />
</extension>