<?xml version="1.0" encoding="UTF-8" ?>
<extension type="package" version="4.0" method="upgrade">
	<name>FaLang Package</name>
	<author>Stéphane Bouey</author>
	<creationDate>December 2024</creationDate>
 	<packagename>falang</packagename>
	 <version>5.14</version>
	 <url>http://www.faboba.com</url>
	 <variant>free</variant>
	 <packager>Stéphane Bouey</packager>
	 <packagerurl>http://www.faboba.com</packagerurl>
	 <description>Falang Package</description>
	 
	  <scriptfile>script.php</scriptfile>

	 
	 <!-- List of extensions to install -->
	 <files folder="packages">
	     <!-- Modules -->
		 <file type="module" id="mod_falang" client="site">mod_falang_5.14.zip</file>
		 
		  <!-- Plugins -->
		 <file type="plugin" id="falangdriver" group="system">plg_falangdriver_5.14.zip</file>
		 <file type="plugin" id="falangquickjump" group="system">plg_falangquickjump_5.14.zip</file>
		 
		 <!-- Component -->
		 <file type="component" id="com_falang" >com_falang_5.14.zip</file>
	 </files>
	 
	 <!-- All extensions need to be installed -->
	 <blockChildUninstall>true</blockChildUninstall>

	 <!-- Update servers -->
    <updateservers>
        <server type="extension" priority="1" name="Falang Community">https://www.faboba.com/update/falang/pkgfalangcom.xml</server>
    </updateservers>	 
</extension>